Site name,URL,DA/DR,Contact method,Submission status,Date reached,Response,Category relevance,Notes
Product Hunt,https://www.producthunt.com/submit,90,Online form,Not started,,,Product Discovery,Premier launch platform; requires account + phone verification; excellent for new product visibility
AlternativeTo,https://alternativeto.net/submit/,70,Online form,Not started,,,Comparison/Alternatives,High DA; must list alternatives your site replaces; editorial curation
SaaSHub,https://www.saashub.com/submit,55,Online form,Not started,,,SaaS Directory,Free submission; straightforward form; good for B2B discovery
G2,https://www.g2.com/products/new,55,Vendor account,Not started,,,Software Reviews,Major review platform; more involved setup; long-term value
Capterra,https://www.capterra.com/submit-software/,50,Online form,Not started,,,Software Reviews,Leading B2B software reviews; strong SEO impact
GetApp,https://www.getapp.com/submit-software/,45,Online form,Not started,,,Software Reviews,Sister site to Capterra; similar submission process
TrustRadius,https://www.trustradius.com/vendors/new,45,Vendor application,Not started,,,Software Reviews,B2B reviews; requires detailed product info; quality-focused
SlashGear,https://www.slashgear.com/submit,40,Editorial email,Not started,,,Tech/Gadget Reviews,Tech news site; accepts submissions; good for gadget categories
TechRadar,https://www.techradar.com/news/how-to-submit-a-review-request,40,Editorial form,Not started,,,Tech Reviews,Major tech publication; review request submission process
MakeUseOf,https://www.makeuseof.com/write-for-us/,40,Editorial email,Not started,,,Tech/How-to,Popular tech site; accepts contributor content; niche fit for product guides
GoodHousekeeping,https://www.goodhousekeeping.com/review-standards,40,Editorial submission,Not started,,,Lifestyle/Product Reviews,Established review site; strong for home/product categories
TopTenReviews,https://www.toptenreviews.com/write-for-us/,40,Editorial form,Not started,,,Product Reviews,Long-running review site; category-specific submissions
PCMag,https://www.pcmag.com/article-submission,55,Editorial form,Not started,,,Tech Reviews,Major tech publication; submission guidelines available
Tom's Guide,https://www.tomsguide.com/how-to-tip-us,50,Editorial contact,Not started,,,Tech Reviews,High-traffic tech site; accepts review requests
Wirecutter,https://www.nytimes.com/wirecutter/submit-a-product/,45,Editorial submission,Not started,,,Product Reviews,NYT-owned; highly selective but high-value if accepted
ProductReview.com.au,https://www.productreview.com.au/submit,40,Online form,Not started,,,Product Reviews,Major review platform; category-based; good for product visibility
Rankings.io,https://rankings.io/submit/,45,Online form,Not started,,,SEO/Agency Directory,Relevant for SEO professionals; backlink value
DesignRush,https://www.designrush.com/agencies,40,Agency profile,Not started,,,Agency Directory,Marketing agency directory; good for B2B backlinks
Expertnaire,https://expertnaire.com/submit-tool/,35,Online form,Not started,,,Tool Directory,Tool/product discovery; niche relevance
SaaSGrep,https://saasgrep.com/submit,40,Online form,Not started,,,SaaS Discovery,Product directory; clean interface; good for B2B
Alternative.me,https://alternative.me/submit,35,Online form,Not started,,,Comparison Directory,Alternatives directory; niche match for comparison content
Toolpile,https://toolpile.com/submit,35,Online form,Not started,,,Tool Directory,Curated tool directory; simple submission
StackShare,https://stackshare.io/pricing,40,Company profile,Not started,,,Tech/Tool Directory,Tech stack sharing; B2B focus; company profiles available
Product Hunt,https://www.producthunt.com/posts/new,90,Online launch,Not started,,,Product Discovery,Launch format requires unique angle; separate from vendor submit
BetaList,https://betalist.com/submit,55,Online form,Not started,,,Startup Directory,Startup submissions; good for early-stage visibility
HackerNews,https://news.ycombinator.com/showhn.html,N/A,Community submit,Not started,,,Forum/Community,High authority; submit interesting launches; requires authentic engagement
Reddit r/productreviews,https://www.reddit.com/r/product_reviews/,N/A,Community post,Not started,,,Forum/Community,Share relevant product comparisons; participate genuinely
Reddit r/buyitforlife,https://www.reddit.com/r/BuyItForLife/,N/A,Community post,Not started,,,Forum/Community,Quality-focused community; product recommendations welcome
Reddit r/gadgets,https://www.reddit.com/r/gadgets/,N/A,Community post,Not started,,,Forum/Community,Tech/gadget discussions; share relevant content
Quora,https://www.quora.com/,N/A,Profile + Answer,Not started,,,Q&A Platform,Answer questions in product categories; include relevant links naturally